--
-- PostgreSQL database dump
--

-- Dumped from database version 16.4 (Debian 16.4-1.pgdg120+2)
-- Dumped by pg_dump version 16.4 (Debian 16.4-1.pgdg120+2)

SET statement_timeout = 0;
SET lock_timeout = 0;
SET idle_in_transaction_session_timeout = 0;
SET client_encoding = 'UTF8';
SET standard_conforming_strings = on;
SELECT pg_catalog.set_config('search_path', '', false);
SET check_function_bodies = false;
SET xmloption = content;
SET client_min_messages = warning;
SET row_security = off;

--
-- Data for Name: DJ; Type: TABLE DATA; Schema: public; Owner: -
--

INSERT INTO public."DJ" VALUES ('cmdgksmad0001lcl8cy5tevcz', 'Miidniit', '2025-07-23 23:09:26.869', '2025-07-23 23:09:26.869');
INSERT INTO public."DJ" VALUES ('cmdgksmar0005lcl82ysvjykl', 'KAYTEXS', '2025-07-23 23:09:26.884', '2025-07-23 23:09:26.884');
INSERT INTO public."DJ" VALUES ('cmdgksmb30009lcl8sx4rhqtm', 'PAIJE', '2025-07-23 23:09:26.896', '2025-07-23 23:09:26.896');
INSERT INTO public."DJ" VALUES ('cmdgksmb9000clcl8onxss3p9', 'MAMA J', '2025-07-23 23:09:26.902', '2025-07-23 23:09:26.902');
INSERT INTO public."DJ" VALUES ('cmdgksmbj000glcl8z0eyjlvt', 'DISENTR', '2025-07-23 23:09:26.911', '2025-07-23 23:09:26.911');
INSERT INTO public."DJ" VALUES ('cmdgksmbo000jlcl8wx2ofh81', 'MAVROS', '2025-07-23 23:09:26.917', '2025-07-23 23:09:26.917');
INSERT INTO public."DJ" VALUES ('cmdgksmbu000mlcl8jvyefpwz', 'AKU', '2025-07-23 23:09:26.922', '2025-07-23 23:09:26.922');
INSERT INTO public."DJ" VALUES ('cmdgksmc2000qlcl84cf5ulo3', 'OSKIER', '2025-07-23 23:09:26.93', '2025-07-23 23:09:26.93');
INSERT INTO public."DJ" VALUES ('cmdgksmc7000tlcl8r4ynq10e', 'IKU', '2025-07-23 23:09:26.936', '2025-07-23 23:09:26.936');
INSERT INTO public."DJ" VALUES ('cmdgksmcc000wlcl8na41vnl3', 'BETS', '2025-07-23 23:09:26.941', '2025-07-23 23:09:26.941');
INSERT INTO public."DJ" VALUES ('cmdgksmck0010lcl8rv5i5s76', 'SHAUN CRUDA', '2025-07-23 23:09:26.949', '2025-07-23 23:09:26.949');
INSERT INTO public."DJ" VALUES ('cmdgksmct0014lcl8x0m5ze81', 'SQUISH', '2025-07-23 23:09:26.957', '2025-07-23 23:09:26.957');
INSERT INTO public."DJ" VALUES ('cmdgksmd30018lcl8klq0s93v', 'L160', '2025-07-23 23:09:26.967', '2025-07-23 23:09:26.967');
INSERT INTO public."DJ" VALUES ('cmdgksmdb001clcl8653ekv2m', 'TYKNI', '2025-07-23 23:09:26.975', '2025-07-23 23:09:26.975');
INSERT INTO public."DJ" VALUES ('cmdgksmdg001flcl84fa168g9', 'NAWKSE', '2025-07-23 23:09:26.981', '2025-07-23 23:09:26.981');
INSERT INTO public."DJ" VALUES ('cmdgksmdm001ilcl810fkuwv2', 'TITA', '2025-07-23 23:09:26.986', '2025-07-23 23:09:26.986');
INSERT INTO public."DJ" VALUES ('cmdgksmdr001llcl80e5pd1ww', 'NYCTO', '2025-07-23 23:09:26.991', '2025-07-23 23:09:26.991');
INSERT INTO public."DJ" VALUES ('cmdgksmdz001plcl8vlv654xl', 'XLTEE', '2025-07-23 23:09:27', '2025-07-23 23:09:27');
INSERT INTO public."DJ" VALUES ('cmdgksme4001slcl8zg6zrasq', 'ZOOLY', '2025-07-23 23:09:27.005', '2025-07-23 23:09:27.005');
INSERT INTO public."DJ" VALUES ('cmdgksmea001vlcl8sfhzbiwm', 'DJ KINGPIN', '2025-07-23 23:09:27.01', '2025-07-23 23:09:27.01');
INSERT INTO public."DJ" VALUES ('cmdgksmef001ylcl84div87rz', 'DEVOE', '2025-07-23 23:09:27.015', '2025-07-23 23:09:27.015');
INSERT INTO public."DJ" VALUES ('cmdgksmej0021lcl82xuq85yn', 'MICHAEL ANTHONY', '2025-07-23 23:09:27.02', '2025-07-23 23:09:27.02');
INSERT INTO public."DJ" VALUES ('cmdgksmer0025lcl8pbccir3o', 'PVRTOFME', '2025-07-23 23:09:27.027', '2025-07-23 23:09:27.027');
INSERT INTO public."DJ" VALUES ('cmdgksmew0028lcl8hgdwwoia', 'HELIN', '2025-07-23 23:09:27.033', '2025-07-23 23:09:27.033');
INSERT INTO public."DJ" VALUES ('cmdgksmf1002blcl8fuw5xas8', 'CANDL', '2025-07-23 23:09:27.037', '2025-07-23 23:09:27.037');
INSERT INTO public."DJ" VALUES ('cmdgksmf6002elcl831f4hd4e', 'ROB MOSKAVI', '2025-07-23 23:09:27.042', '2025-07-23 23:09:27.042');
INSERT INTO public."DJ" VALUES ('cmdgksmfa002hlcl8u23eqoe8', 'CZAR', '2025-07-23 23:09:27.047', '2025-07-23 23:09:27.047');
INSERT INTO public."DJ" VALUES ('cmdgksmfi002llcl8to3msy9v', 'Blind Spider', '2025-07-23 23:09:27.054', '2025-07-23 23:09:27.054');
INSERT INTO public."DJ" VALUES ('cmdgksmfm002olcl8bxydypob', 'NOEL LE FREAK', '2025-07-23 23:09:27.059', '2025-07-23 23:09:27.059');
INSERT INTO public."DJ" VALUES ('cmdgksmfq002rlcl86h0ajmv1', 'AGAHEE', '2025-07-23 23:09:27.063', '2025-07-23 23:09:27.063');
INSERT INTO public."DJ" VALUES ('cmdgksmfv002ulcl88zhmit5l', 'DESAMOR', '2025-07-23 23:09:27.067', '2025-07-23 23:09:27.067');
INSERT INTO public."DJ" VALUES ('cmdgksmg0002xlcl81kcgsbta', 'GINGEE', '2025-07-23 23:09:27.072', '2025-07-23 23:09:27.072');
INSERT INTO public."DJ" VALUES ('cmdgksmg70031lcl8zyibzig6', 'MUXUS', '2025-07-23 23:09:27.08', '2025-07-23 23:09:27.08');
INSERT INTO public."DJ" VALUES ('cmdgksmgc0034lcl897vp6uj7', 'SELESTINO', '2025-07-23 23:09:27.084', '2025-07-23 23:09:27.084');
INSERT INTO public."DJ" VALUES ('cmdgksmgg0037lcl87hme9cm2', 'SAFE WORD', '2025-07-23 23:09:27.089', '2025-07-23 23:09:27.089');
INSERT INTO public."DJ" VALUES ('cmdgksmgk003alcl88a8a2rjj', 'HACKERBEATZ', '2025-07-23 23:09:27.093', '2025-07-23 23:09:27.093');
INSERT INTO public."DJ" VALUES ('cmdgksmgo003dlcl8eekuud74', 'B.A VIBE', '2025-07-23 23:09:27.097', '2025-07-23 23:09:27.097');
INSERT INTO public."DJ" VALUES ('cmdgksmgv003hlcl869wh37ho', 'OJJISIN', '2025-07-23 23:09:27.103', '2025-07-23 23:09:27.103');
INSERT INTO public."DJ" VALUES ('cmdgksmgz003klcl8we7gqith', 'NOVA', '2025-07-23 23:09:27.107', '2025-07-23 23:09:27.107');
INSERT INTO public."DJ" VALUES ('cmdgksmh3003nlcl881333ili', 'BERAQ', '2025-07-23 23:09:27.111', '2025-07-23 23:09:27.111');
INSERT INTO public."DJ" VALUES ('cmdgksmh7003qlcl8rm7mjbzk', 'DJ MOROCCO', '2025-07-23 23:09:27.115', '2025-07-23 23:09:27.115');
INSERT INTO public."DJ" VALUES ('cmdgksmhd003ulcl8pl5gq6fu', 'TESTKIT', '2025-07-23 23:09:27.122', '2025-07-23 23:09:27.122');
INSERT INTO public."DJ" VALUES ('cmdgksmhi003xlcl8ok8nq6zt', 'DLOW', '2025-07-23 23:09:27.126', '2025-07-23 23:09:27.126');
INSERT INTO public."DJ" VALUES ('cmdgksmhl0040lcl8nc9degu9', 'GONZO', '2025-07-23 23:09:27.129', '2025-07-23 23:09:27.129');
INSERT INTO public."DJ" VALUES ('cmdgksmhp0043lcl8z3uetj5o', 'CRUCIFIED', '2025-07-23 23:09:27.133', '2025-07-23 23:09:27.133');
INSERT INTO public."DJ" VALUES ('cmdgksmht0046lcl855sxek5b', 'ANDRE', '2025-07-23 23:09:27.137', '2025-07-23 23:09:27.137');
INSERT INTO public."DJ" VALUES ('cmdgksmhz004alcl8m4ns9ls9', 'REDHOOD', '2025-07-23 23:09:27.143', '2025-07-23 23:09:27.143');
INSERT INTO public."DJ" VALUES ('cmdgksmi2004dlcl8zwp17pei', 'YNOTI', '2025-07-23 23:09:27.147', '2025-07-23 23:09:27.147');
INSERT INTO public."DJ" VALUES ('cmdgksmi7004glcl8zvoscfq4', 'LILY KUSH', '2025-07-23 23:09:27.151', '2025-07-23 23:09:27.151');
INSERT INTO public."DJ" VALUES ('cmdgksmib004jlcl8d5evn52i', 'FLIRT2MUCH', '2025-07-23 23:09:27.155', '2025-07-23 23:09:27.155');
INSERT INTO public."DJ" VALUES ('cmdgksmif004mlcl8xrgainsh', 'CAZZUTO', '2025-07-23 23:09:27.159', '2025-07-23 23:09:27.159');
INSERT INTO public."DJ" VALUES ('cmdgksmim004qlcl8u0rmayq3', 'DARE 80', '2025-07-23 23:09:27.166', '2025-07-23 23:09:27.166');
INSERT INTO public."DJ" VALUES ('cmdgksmiq004tlcl8qottijf6', 'KOSHKA', '2025-07-23 23:09:27.171', '2025-07-23 23:09:27.171');
INSERT INTO public."DJ" VALUES ('cmdgksmiu004wlcl8qpv0cfok', 'CHUCK SHADOW', '2025-07-23 23:09:27.174', '2025-07-23 23:09:27.174');
INSERT INTO public."DJ" VALUES ('cmdgksmiy004zlcl8tkxyucrf', 'FANTOM FREQ', '2025-07-23 23:09:27.178', '2025-07-23 23:09:27.178');
INSERT INTO public."DJ" VALUES ('cmdgksmj20052lcl8rb78ifta', 'RHIANNON ROZE', '2025-07-23 23:09:27.182', '2025-07-23 23:09:27.182');
INSERT INTO public."DJ" VALUES ('cmdgksmj90056lcl8yg3yqwfu', 'CERULO', '2025-07-23 23:09:27.189', '2025-07-23 23:09:27.189');
INSERT INTO public."DJ" VALUES ('cmdgksmjc0059lcl8uao5kbvd', 'WONG CHOP', '2025-07-23 23:09:27.193', '2025-07-23 23:09:27.193');
INSERT INTO public."DJ" VALUES ('cmdgksmjg005clcl8vtqkznjr', 'GEMNEYE', '2025-07-23 23:09:27.197', '2025-07-23 23:09:27.197');
INSERT INTO public."DJ" VALUES ('cmdgksmjl005flcl8cztyyfpx', 'PHEEWAY', '2025-07-23 23:09:27.201', '2025-07-23 23:09:27.201');
INSERT INTO public."DJ" VALUES ('cmdgksmjr005jlcl8mh03djwv', 'DUTCH DANNIS', '2025-07-23 23:09:27.207', '2025-07-23 23:09:27.207');
INSERT INTO public."DJ" VALUES ('cmdgksmjv005mlcl8y63o007o', 'TERESA', '2025-07-23 23:09:27.212', '2025-07-23 23:09:27.212');
INSERT INTO public."DJ" VALUES ('cmdgksmjz005plcl8pzdpybsw', 'CHOLEY', '2025-07-23 23:09:27.215', '2025-07-23 23:09:27.215');
INSERT INTO public."DJ" VALUES ('cmdgksmk3005slcl8pejikrbk', 'CRAQUE', '2025-07-23 23:09:27.22', '2025-07-23 23:09:27.22');
INSERT INTO public."DJ" VALUES ('cmdgksmk7005vlcl8tzc7cl2a', 'TIO RUBEN', '2025-07-23 23:09:27.224', '2025-07-23 23:09:27.224');
INSERT INTO public."DJ" VALUES ('cmdgksmkd005zlcl88tw9x90s', 'RCKSLVR', '2025-07-23 23:09:27.23', '2025-07-23 23:09:27.23');
INSERT INTO public."DJ" VALUES ('cmdgksmkh0062lcl8qlg0hf36', 'GRLFRND', '2025-07-23 23:09:27.234', '2025-07-23 23:09:27.234');
INSERT INTO public."DJ" VALUES ('cmdgksmkl0065lcl8ry73lgas', '2LM', '2025-07-23 23:09:27.238', '2025-07-23 23:09:27.238');
INSERT INTO public."DJ" VALUES ('cmdgksmko0068lcl8forzoubk', 'BABY UNIQ', '2025-07-23 23:09:27.241', '2025-07-23 23:09:27.241');
INSERT INTO public."DJ" VALUES ('cmdgksmkt006clcl8zomptzxe', 'LOXSO', '2025-07-23 23:09:27.246', '2025-07-23 23:09:27.246');
INSERT INTO public."DJ" VALUES ('cmdgksmkx006flcl85mai34gh', 'BROSHI', '2025-07-23 23:09:27.249', '2025-07-23 23:09:27.249');
INSERT INTO public."DJ" VALUES ('cmdgksml1006ilcl8378o74zl', 'KITTAMAMI', '2025-07-23 23:09:27.253', '2025-07-23 23:09:27.253');
INSERT INTO public."DJ" VALUES ('cmdgksml4006llcl8fuebelna', 'Hot Pursuit', '2025-07-23 23:09:27.256', '2025-07-23 23:09:27.256');
INSERT INTO public."DJ" VALUES ('cmdgksml7006olcl8nknz0pen', 'CECYLIA', '2025-07-23 23:09:27.259', '2025-07-23 23:09:27.259');
INSERT INTO public."DJ" VALUES ('cmdgksmlb006slcl8j3wveyvm', 'SHREDY', '2025-07-23 23:09:27.264', '2025-07-23 23:09:27.264');
INSERT INTO public."DJ" VALUES ('cmdgksmlf006vlcl89cbihzgs', 'AURIENT', '2025-07-23 23:09:27.267', '2025-07-23 23:09:27.267');
INSERT INTO public."DJ" VALUES ('cmdgksmli006ylcl818vk66gb', 'LA GRAND', '2025-07-23 23:09:27.271', '2025-07-23 23:09:27.271');
INSERT INTO public."DJ" VALUES ('cmdgksmll0071lcl8fk2wlpxj', 'BRICK5', '2025-07-23 23:09:27.274', '2025-07-23 23:09:27.274');
INSERT INTO public."DJ" VALUES ('cmdgksmlq0075lcl8rn35i8kp', 'MIKE STERN', '2025-07-23 23:09:27.278', '2025-07-23 23:09:27.278');
INSERT INTO public."DJ" VALUES ('cmdgksmlt0078lcl8ykpy7q8o', 'DEEJAY TRIPLEX', '2025-07-23 23:09:27.281', '2025-07-23 23:09:27.281');
INSERT INTO public."DJ" VALUES ('cmdgksmlx007blcl8jixjpe5r', 'DLUXX', '2025-07-23 23:09:27.285', '2025-07-23 23:09:27.285');
INSERT INTO public."DJ" VALUES ('cmdgksmm0007elcl82ybugvjj', 'SYMMONE', '2025-07-23 23:09:27.288', '2025-07-23 23:09:27.288');
INSERT INTO public."DJ" VALUES ('cmdgksmm3007hlcl86hy5jwkc', 'BLUDHAUND', '2025-07-23 23:09:27.292', '2025-07-23 23:09:27.292');


--
-- Data for Name: Episode; Type: TABLE DATA; Schema: public; Owner: -
--

INSERT INTO public."Episode" VALUES ('cmdgksm9v0000lcl8qm4bg6wa', 'VIBEFLOW LIVE STREAM 001', 1, '2024-11-26 22:14:13', '2025-07-23 23:09:26.851', '2025-07-23 23:45:48.031');
INSERT INTO public."Episode" VALUES ('cmdgksmaz0008lcl8bu4n8yzw', 'VIBEFLOW LIVE STREAM 002', 2, '2024-12-20 01:37:19', '2025-07-23 23:09:26.892', '2025-07-23 23:09:26.892');
INSERT INTO public."Episode" VALUES ('cmdgksmbf000flcl8jnq8n1r3', 'VIBEFLOW LIVE STREAM 003', 3, '2024-12-27 10:55:21', '2025-07-23 23:09:26.908', '2025-07-23 23:09:26.908');
INSERT INTO public."Episode" VALUES ('cmdgksmbz000plcl8uya0rtnl', 'VIBEFLOW LIVE STREAM 004', 4, '2025-01-07 01:04:05', '2025-07-23 23:09:26.927', '2025-07-23 23:09:26.927');
INSERT INTO public."Episode" VALUES ('cmdgksmch000zlcl8ytn5bca8', 'WILD FIRE RELIEF FUND', 0, '2025-01-14 02:33:58', '2025-07-23 23:09:26.946', '2025-07-23 23:09:26.946');
INSERT INTO public."Episode" VALUES ('cmdgksmcq0013lcl8lbgq9fvu', 'VIBEFLOW LIVE STREAM 005', 5, '2025-01-22 22:08:57', '2025-07-23 23:09:26.955', '2025-07-23 23:09:26.955');
INSERT INTO public."Episode" VALUES ('cmdgksmcz0017lcl852q08zm2', 'VIBEFLOW LIVE STREAM 006', 6, '2025-02-04 03:18:03', '2025-07-23 23:09:26.963', '2025-07-23 23:09:26.963');
INSERT INTO public."Episode" VALUES ('cmdgksmd8001blcl8xr7z89rk', 'VIBEFLOW LIVE STREAM 007', 7, '2025-02-08 06:21:28', '2025-07-23 23:09:26.973', '2025-07-23 23:09:26.973');
INSERT INTO public."Episode" VALUES ('cmdgksmdw001olcl8bi8sbkfz', 'VIBEFLOW LIVE STREAM 008', 8, '2025-02-24 23:02:26', '2025-07-23 23:09:26.996', '2025-07-23 23:09:26.996');
INSERT INTO public."Episode" VALUES ('cmdgksmeo0024lcl8d03ugcnn', 'VIBEFLOW LIVE STREAM 009', 9, '2025-03-11 18:57:33', '2025-07-23 23:09:27.025', '2025-07-23 23:09:27.025');
INSERT INTO public."Episode" VALUES ('cmdgksmff002klcl8asa02uan', 'VIBEFLOW LIVE STREAM 010', 10, '2025-03-27 00:35:23', '2025-07-23 23:09:27.052', '2025-07-23 23:09:27.052');
INSERT INTO public."Episode" VALUES ('cmdgksmgt003glcl85ekjji05', 'VIBEFLOW LIVE STREAM 011', 11, '2025-04-12 04:27:27', '2025-07-23 23:09:27.101', '2025-07-23 23:09:27.101');
INSERT INTO public."Episode" VALUES ('cmdgksmg50030lcl86wdk1941', 'VIBEFLOW LIVE STREAM 012', 12, '2025-04-18 02:22:35', '2025-07-23 23:09:27.077', '2025-07-23 23:09:27.077');
INSERT INTO public."Episode" VALUES ('cmdgksmhb003tlcl8wwe8wt19', 'VIBEFLOW LIVE STREAM 013', 13, '2025-04-29 22:57:14', '2025-07-23 23:09:27.12', '2025-07-23 23:09:27.12');
INSERT INTO public."Episode" VALUES ('cmdgksmhx0049lcl8kqg0hojh', 'VIBEFLOW LIVE STREAM 014', 14, '2025-05-01 03:02:58', '2025-07-23 23:09:27.141', '2025-07-23 23:09:27.141');
INSERT INTO public."Episode" VALUES ('cmdgksmij004plcl8ylgaci4t', 'VIBEFLOW LIVE STREAM 015', 15, '2025-05-06 22:43:26', '2025-07-23 23:09:27.164', '2025-07-23 23:09:27.164');
INSERT INTO public."Episode" VALUES ('cmdgksmj60055lcl8fx82jdkd', 'VIBEFLOW LIVE STREAM 016', 16, '2025-05-14 08:09:32', '2025-07-23 23:09:27.187', '2025-07-23 23:09:27.187');
INSERT INTO public."Episode" VALUES ('cmdgksmjp005ilcl8gwu4i9m9', 'VIBEFLOW LIVE STREAM 017', 17, '2025-06-05 00:21:36', '2025-07-23 23:09:27.205', '2025-07-23 23:09:27.205');
INSERT INTO public."Episode" VALUES ('cmdgksmkb005ylcl81j96x0lr', 'VIBEFLOW LIVE STREAM 018', 18, '2025-06-17 08:55:46', '2025-07-23 23:09:27.228', '2025-07-23 23:09:27.228');
INSERT INTO public."Episode" VALUES ('cmdgksmks006blcl8wy03weyv', 'VIBEFLOW LIVE STREAM 019', 19, '2025-06-18 03:55:38', '2025-07-23 23:09:27.244', '2025-07-23 23:09:27.244');
INSERT INTO public."Episode" VALUES ('cmdgksmla006rlcl85i825ua0', 'VIBEFLOW LIVE STREAM 020', 20, '2025-07-04 23:59:43', '2025-07-23 23:09:27.262', '2025-07-23 23:09:27.262');
INSERT INTO public."Episode" VALUES ('cmdgksmlo0074lcl89lt2n0x8', 'VIBEFLOW LIVE STREAM 021', 21, '2025-07-05 09:13:01', '2025-07-23 23:09:27.277', '2025-07-23 23:09:27.277');


--
-- Data for Name: DJSet; Type: TABLE DATA; Schema: public; Owner: -
--

INSERT INTO public."DJSet" VALUES ('cmdgksmau0007lcl8x7hbnbcr', NULL, NULL, 'https://vimeo.com/1036535218', NULL, NULL, NULL, 'https://i.vimeocdn.com/video/2013709017-a9d599f4cd47eaff4581ee68edd32e1d0809ca6cb3d1a83d499bc43ac55d455b-d?f=webp&region=us', 1, 'cmdgksmar0005lcl82ysvjykl', 'cmdgksm9v0000lcl8qm4bg6wa', '2025-07-23 23:09:26.887', '2025-07-28 23:50:36.394');
INSERT INTO public."DJSet" VALUES ('cmdgksmbc000elcl8qydm0g39', NULL, NULL, 'https://vimeo.com/1041278692', NULL, NULL, NULL, 'https://i.vimeocdn.com/video/2013706225-4658ffd7e890a827bdfe9642737ea82deb188db08b01ea1eae7ea93b21aa77eb-d?f=webp&region=us', 2, 'cmdgksmb9000clcl8onxss3p9', 'cmdgksmaz0008lcl8bu4n8yzw', '2025-07-23 23:09:26.904', '2025-07-28 23:50:37.849');
INSERT INTO public."DJSet" VALUES ('cmdgksmbr000llcl8gapgpz3d', NULL, NULL, 'https://vimeo.com/1042532056', NULL, NULL, NULL, 'https://i.vimeocdn.com/video/2013704569-f1995a333b627606718a9ecc11f4b18edcbc681d9530616a2e103573c9b11397-d?f=webp&region=us', 2, 'cmdgksmbo000jlcl8wx2ofh81', 'cmdgksmbf000flcl8jnq8n1r3', '2025-07-23 23:09:26.919', '2025-07-28 23:50:39.429');
INSERT INTO public."DJSet" VALUES ('cmdgksmc4000slcl8hkonu1m1', NULL, NULL, 'https://vimeo.com/1044459421', NULL, NULL, NULL, 'https://i.vimeocdn.com/video/2013685332-fe0ac044cdedbba65c0c3fdb445bcce94cddd7ca290cddcaf0e9cccb41cd1fe4-d?f=webp&region=us', 1, 'cmdgksmc2000qlcl84cf5ulo3', 'cmdgksmbz000plcl8uya0rtnl', '2025-07-23 23:09:26.933', '2025-07-28 23:50:40.956');
INSERT INTO public."DJSet" VALUES ('cmdgksmcf000ylcl8fl8qljtb', NULL, NULL, 'https://vimeo.com/1045475201', NULL, NULL, NULL, 'https://i.vimeocdn.com/video/2012896804-7977f55ad13dfd156d1d09f16502a49eba8d9bb07b03b1fc3019cb5f117adfab-d?f=webp&region=us', 3, 'cmdgksmcc000wlcl8na41vnl3', 'cmdgksmbz000plcl8uya0rtnl', '2025-07-23 23:09:26.943', '2025-07-28 23:50:42.597');
INSERT INTO public."DJSet" VALUES ('cmdgksmcw0016lcl893h6tyhs', NULL, NULL, 'https://vimeo.com/1049414301', NULL, NULL, NULL, 'https://i.vimeocdn.com/video/2012894163-20f3fe38d2c67eeb3ffe6f4f05c6a2cfcca1e8bf053448710e8714af80b4a657-d?f=webp&region=us', 1, 'cmdgksmct0014lcl8x0m5ze81', 'cmdgksmcq0013lcl8lbgq9fvu', '2025-07-23 23:09:26.96', '2025-07-28 23:50:44.271');
INSERT INTO public."DJSet" VALUES ('cmdgksmd5001alcl8j5skhbzi', NULL, NULL, 'https://vimeo.com/1053215917', NULL, NULL, NULL, 'https://i.vimeocdn.com/video/2010873683-44e80d6178bf5cf0cbdea762e888e94b6931ba58e841cdf14ae52ed8d981e53e-d?f=webp&region=us', 1, 'cmdgksmd30018lcl8klq0s93v', 'cmdgksmcz0017lcl852q08zm2', '2025-07-23 23:09:26.969', '2025-07-28 23:50:44.97');
INSERT INTO public."DJSet" VALUES ('cmdgksmdj001hlcl89fsdrvow', NULL, NULL, 'https://vimeo.com/1054702058', NULL, NULL, NULL, 'https://i.vimeocdn.com/video/2010852364-080eefe4067b38e44f2e439773aa41ae7de2ad1cb8716e09543f73d1ec20f094-d?f=webp&region=us', 2, 'cmdgksmdg001flcl84fa168g9', 'cmdgksmd8001blcl8xr7z89rk', '2025-07-23 23:09:26.983', '2025-07-28 23:50:46.479');
INSERT INTO public."DJSet" VALUES ('cmdgksmdt001nlcl82kmqc4md', NULL, NULL, 'https://vimeo.com/1055760942', NULL, NULL, NULL, 'https://i.vimeocdn.com/video/2010536335-6088599ee38b2e01874ebdf13a8aba4210e4a32ad27aff173ae182a89487b564-d?f=webp&region=us', 4, 'cmdgksmdr001llcl80e5pd1ww', 'cmdgksmd8001blcl8xr7z89rk', '2025-07-23 23:09:26.993', '2025-07-28 23:50:48.031');
INSERT INTO public."DJSet" VALUES ('cmdgksme7001ulcl8yxns3rss', NULL, NULL, 'https://vimeo.com/1059875045', NULL, NULL, NULL, 'https://i.vimeocdn.com/video/2010534663-5057961d15d318eb6f6a9bc5ad1d8a25072356afa3ce2202222a3fbfec825b3f-d?f=webp&region=us', 2, 'cmdgksme4001slcl8zg6zrasq', 'cmdgksmdw001olcl8bi8sbkfz', '2025-07-23 23:09:27.008', '2025-07-28 23:50:49.697');
INSERT INTO public."DJSet" VALUES ('cmdgksmeh0020lcl8dcs98e9x', NULL, NULL, 'https://vimeo.com/1060209758', NULL, NULL, NULL, 'https://i.vimeocdn.com/video/2010532744-93fcca7cea09a1da7ccb360b22addea107090d80e0dbce286fcf59a384f46250-d?f=webp&region=us', 4, 'cmdgksmef001ylcl84div87rz', 'cmdgksmdw001olcl8bi8sbkfz', '2025-07-23 23:09:27.017', '2025-07-28 23:50:51.226');
INSERT INTO public."DJSet" VALUES ('cmdgksmet0027lcl80s52hj2k', NULL, NULL, 'https://vimeo.com/1064748755', NULL, NULL, NULL, 'https://i.vimeocdn.com/video/2010530642-76f704cb3d34182eb2820ae00b589a33db514029c1c0474b84aecf7a6747a0c9-d?f=webp&region=us', 1, 'cmdgksmer0025lcl8pbccir3o', 'cmdgksmeo0024lcl8d03ugcnn', '2025-07-23 23:09:27.03', '2025-07-28 23:50:52.683');
INSERT INTO public."DJSet" VALUES ('cmdgksmey002alcl8rtbstir3', NULL, NULL, 'https://vimeo.com/1064844007', NULL, NULL, NULL, 'https://i.vimeocdn.com/video/2010496268-f82e05eda44ba7e2e11d92dfb0ae48a76853d187af859a242b48cb42ddc19456-d?f=webp&region=us', 2, 'cmdgksmew0028lcl8hgdwwoia', 'cmdgksmeo0024lcl8d03ugcnn', '2025-07-23 23:09:27.035', '2025-07-28 23:50:53.428');
INSERT INTO public."DJSet" VALUES ('cmdgksmf8002glcl8idu0rhmb', NULL, NULL, 'https://vimeo.com/1065298058', NULL, NULL, NULL, 'https://i.vimeocdn.com/video/2010494104-7c9d2823fc2a7639ced15312d50cf0cf21cb0ae92b2105eed15e1b73efb16b3b-d?f=webp&region=us', 4, 'cmdgksmf6002elcl831f4hd4e', 'cmdgksmeo0024lcl8d03ugcnn', '2025-07-23 23:09:27.044', '2025-07-28 23:50:55.11');
INSERT INTO public."DJSet" VALUES ('cmdgksmfk002nlcl8imbbfbhj', NULL, NULL, 'https://vimeo.com/1069756912', NULL, NULL, NULL, 'https://i.vimeocdn.com/video/2010486666-38525ade8f4947eba814e453a8ca3f0e7bff5bf8596fb0266e7376f91d6fc245-d?f=webp&region=us', 1, 'cmdgksmfi002llcl8to3msy9v', 'cmdgksmff002klcl8asa02uan', '2025-07-23 23:09:27.056', '2025-07-28 23:50:56.656');
INSERT INTO public."DJSet" VALUES ('cmdgksmft002tlcl8fb4fn0t7', NULL, NULL, 'https://vimeo.com/1070056924', NULL, NULL, NULL, 'https://i.vimeocdn.com/video/2010460913-3cce15ae04df8df4901c75865ef9f994feb5c78fabeb21d7f7085fc2cc2cda44-d?f=webp&region=us', 3, 'cmdgksmfq002rlcl86h0ajmv1', 'cmdgksmff002klcl8asa02uan', '2025-07-23 23:09:27.065', '2025-07-28 23:50:58.191');
INSERT INTO public."DJSet" VALUES ('cmdgksmg2002zlcl8bm5vf0e6', NULL, NULL, 'https://vimeo.com/1070487539', NULL, NULL, NULL, 'https://i.vimeocdn.com/video/2010456277-e7c51194fbeddb1e40b7fa92ea7bde9fd70c4d21f1c9ea87920fadc1e39b8369-d?f=webp&region=us', 5, 'cmdgksmg0002xlcl81kcgsbta', 'cmdgksmff002klcl8asa02uan', '2025-07-23 23:09:27.075', '2025-07-28 23:50:59.79');
INSERT INTO public."DJSet" VALUES ('cmdgksmge0036lcl8cr49aivn', NULL, NULL, 'https://vimeo.com/1077759925', NULL, NULL, NULL, 'https://i.vimeocdn.com/video/2014633577-db208bd0b580289577efde2556a3f1a1e177d31822cbb652893a35f0272a85ab-d?f=webp&region=us', 2, 'cmdgksmgc0034lcl897vp6uj7', 'cmdgksmg50030lcl86wdk1941', '2025-07-23 23:09:27.086', '2025-07-28 23:51:01.349');
INSERT INTO public."DJSet" VALUES ('cmdgksmgi0039lcl8y4szmj5g', NULL, NULL, 'https://vimeo.com/1078462795', NULL, NULL, NULL, 'https://i.vimeocdn.com/video/2008708781-181527cba00ae9a98d65747babeb7496261570a3dce4369b2c4809d00d949573-d?f=webp&region=us', 3, 'cmdgksmgg0037lcl87hme9cm2', 'cmdgksmg50030lcl86wdk1941', '2025-07-23 23:09:27.09', '2025-07-28 23:51:02.098');
INSERT INTO public."DJSet" VALUES ('cmdgksmgq003flcl83z3nujvl', NULL, NULL, 'https://vimeo.com/1079581749', NULL, NULL, NULL, 'https://i.vimeocdn.com/video/2010020421-d64ddd6026d8cdc01a8c184fe431f0ed9417a7cef5bd22b829a42a932ba6e7a1-d?f=webp&region=us', 5, 'cmdgksmgo003dlcl8eekuud74', 'cmdgksmg50030lcl86wdk1941', '2025-07-23 23:09:27.098', '2025-07-28 23:51:03.751');
INSERT INTO public."DJSet" VALUES ('cmdgksmh0003mlcl8r97wc7vs', NULL, NULL, 'https://vimeo.com/1075502059', NULL, NULL, NULL, 'https://i.vimeocdn.com/video/2005108973-e1c21cb9a5b9731f087f819019634e808aaa1bd3185665be18d2fa47a3d09205-d?f=webp&region=us', 2, 'cmdgksmgz003klcl8we7gqith', 'cmdgksmgt003glcl85ekjji05', '2025-07-23 23:09:27.109', '2025-07-28 23:51:05.458');
INSERT INTO public."DJSet" VALUES ('cmdgksmh9003slcl8k84ftlop', NULL, NULL, 'https://vimeo.com/1076164922', NULL, NULL, NULL, 'https://i.vimeocdn.com/video/2005900130-4c9ebbed2e41e7c0221dd7fa8fac88a161610af4bdce4d60d9c2484ecd7af072-d?f=webp&region=us', 4, 'cmdgksmh7003qlcl8rm7mjbzk', 'cmdgksmgt003glcl85ekjji05', '2025-07-23 23:09:27.117', '2025-07-28 23:51:07.308');
INSERT INTO public."DJSet" VALUES ('cmdgksmhj003zlcl8zxlso72k', NULL, NULL, 'https://vimeo.com/1080002231', NULL, NULL, NULL, 'https://i.vimeocdn.com/video/2010498352-3b7651058d80566622b9ecf11aa932d30892cbd5b6a85a6e743517b9050ef1c9-d?f=webp&region=us', 2, 'cmdgksmhi003xlcl8ok8nq6zt', 'cmdgksmhb003tlcl8wwe8wt19', '2025-07-23 23:09:27.127', '2025-07-28 23:51:08.966');
INSERT INTO public."DJSet" VALUES ('cmdgksmhr0045lcl82m5h5hgm', NULL, NULL, 'https://vimeo.com/1080341131', NULL, NULL, NULL, 'https://i.vimeocdn.com/video/2010898799-0b2117f005e5ff1f1b36582c0bf54395c896d0b1d583646b0efc4bc03663ca9c-d?f=webp&region=us', 4, 'cmdgksmhp0043lcl8z3uetj5o', 'cmdgksmhb003tlcl8wwe8wt19', '2025-07-23 23:09:27.135', '2025-07-28 23:51:10.517');
INSERT INTO public."DJSet" VALUES ('cmdgksmi0004clcl8038v2i3h', NULL, NULL, 'https://vimeo.com/1080398907', NULL, NULL, NULL, 'https://i.vimeocdn.com/video/2010971303-9641765d18a1a65ae88b56ccb30f8d625315ba845ca5b877f2d15543bf7e5ec3-d?f=webp&region=us', 1, 'cmdgksmhz004alcl8m4ns9ls9', 'cmdgksmhx0049lcl8kqg0hojh', '2025-07-23 23:09:27.145', '2025-07-28 23:51:12.239');
INSERT INTO public."DJSet" VALUES ('cmdgksmi9004ilcl84ohaizhd', NULL, NULL, 'https://vimeo.com/1080443651', NULL, NULL, NULL, 'https://i.vimeocdn.com/video/2011023001-43edfbee7dad62fec1ea4d85884303a37de5777b9801f3e32d77ee2271c98639-d?f=webp&region=us', 3, 'cmdgksmi7004glcl8zvoscfq4', 'cmdgksmhx0049lcl8kqg0hojh', '2025-07-23 23:09:27.153', '2025-07-28 23:51:13.949');
INSERT INTO public."DJSet" VALUES ('cmdgksmah0003lcl8tul61cbo', NULL, NULL, 'https://vimeo.com/1033591011', NULL, NULL, NULL, 'https://i.vimeocdn.com/video/2013708884-4fd27a094e05378e313c94dc488bef592d871b37d9382ee406bc2db5b1241dd7-d?f=webp&region=us', NULL, 'cmdgksmad0001lcl8cy5tevcz', 'cmdgksm9v0000lcl8qm4bg6wa', '2025-07-23 23:09:26.873', '2025-07-28 23:50:35.452');
INSERT INTO public."DJSet" VALUES ('cmdgksmb6000blcl8xyiy1lu3', NULL, NULL, 'https://vimeo.com/1040938945', NULL, NULL, NULL, 'https://i.vimeocdn.com/video/2013707001-0ad37516b1a5171b6a589d7369beb0d43df6e2b885eaf64c6fdadf783ff5dbcb-d?f=webp&region=us', 1, 'cmdgksmb30009lcl8sx4rhqtm', 'cmdgksmaz0008lcl8bu4n8yzw', '2025-07-23 23:09:26.899', '2025-07-28 23:50:37.102');
INSERT INTO public."DJSet" VALUES ('cmdgksmbl000ilcl8l9k25472', NULL, NULL, 'https://vimeo.com/1042406568', NULL, NULL, NULL, 'https://i.vimeocdn.com/video/2013705590-97d5655621fa133b4f6f2ebd0f3307772bfb42e9fbd4bafdd98444c436edf7e0-d?f=webp&region=us', 1, 'cmdgksmbj000glcl8z0eyjlvt', 'cmdgksmbf000flcl8jnq8n1r3', '2025-07-23 23:09:26.913', '2025-07-28 23:50:38.68');
INSERT INTO public."DJSet" VALUES ('cmdgksmbw000olcl8l5im2p2f', NULL, NULL, 'https://vimeo.com/1042534283', NULL, NULL, NULL, 'https://i.vimeocdn.com/video/2013694363-d6ecee8183e0558e57a59aa4ac5d768272693debc9b8828a4ae7b86f9b1c5d61-d?f=webp&region=us', 3, 'cmdgksmbu000mlcl8jvyefpwz', 'cmdgksmbf000flcl8jnq8n1r3', '2025-07-23 23:09:26.924', '2025-07-28 23:50:40.24');
INSERT INTO public."DJSet" VALUES ('cmdgksmc9000vlcl8mnsmrd7o', NULL, NULL, 'https://vimeo.com/1045144841', NULL, NULL, NULL, 'https://i.vimeocdn.com/video/2013683822-7e255a6482c57ae1fd8aebf6998cdeb74eba9f5d8ba7855d8d8015c910f30aeb-d?f=webp&region=us', 2, 'cmdgksmc7000tlcl8r4ynq10e', 'cmdgksmbz000plcl8uya0rtnl', '2025-07-23 23:09:26.938', '2025-07-28 23:50:41.786');
INSERT INTO public."DJSet" VALUES ('cmdgksmcn0012lcl8wbpwzipx', NULL, NULL, 'https://vimeo.com/1046597478', NULL, NULL, NULL, 'https://i.vimeocdn.com/video/2012895810-04faa35e221d819635f3a44535f070f435fba9bcd006ff687cff2cfe276c69d9-d?f=webp&region=us', NULL, 'cmdgksmck0010lcl8rv5i5s76', 'cmdgksmch000zlcl8ytn5bca8', '2025-07-23 23:09:26.951', '2025-07-28 23:50:43.348');
INSERT INTO public."DJSet" VALUES ('cmdgksmdd001elcl8jkf3kjsr', NULL, NULL, 'https://vimeo.com/1054693694', NULL, NULL, NULL, 'https://i.vimeocdn.com/video/2010857709-d2616689906b68765e02a092445e205fb902e47428870ef019a011684c0e1810-d?f=webp&region=us', 1, 'cmdgksmdb001clcl8653ekv2m', 'cmdgksmd8001blcl8xr7z89rk', '2025-07-23 23:09:26.978', '2025-07-28 23:50:45.765');
INSERT INTO public."DJSet" VALUES ('cmdgksmdo001klcl82lvdpopc', NULL, NULL, 'https://vimeo.com/1055407339', NULL, NULL, NULL, 'https://i.vimeocdn.com/video/2010536917-e95ee8897ade786baa25f76e52b709c47673c4e44e7a73866f20dc5651b9a1a9-d?f=webp&region=us', 3, 'cmdgksmdm001ilcl810fkuwv2', 'cmdgksmd8001blcl8xr7z89rk', '2025-07-23 23:09:26.988', '2025-07-28 23:50:47.22');
INSERT INTO public."DJSet" VALUES ('cmdgksmih004olcl85uady3e9', NULL, NULL, 'https://vimeo.com/1080687370', NULL, NULL, NULL, 'https://i.vimeocdn.com/video/2011315343-08c6aec1b1d884843324bd5b8a86af8fe849984e6e582afc7cb08bd3adf5941e-d?f=webp&region=us', 5, 'cmdgksmif004mlcl8xrgainsh', 'cmdgksmhx0049lcl8kqg0hojh', '2025-07-23 23:09:27.161', '2025-07-28 23:51:15.64');
INSERT INTO public."DJSet" VALUES ('cmdgksmio004slcl8u0xit4gm', NULL, NULL, 'https://vimeo.com/1081953562', NULL, NULL, NULL, 'https://i.vimeocdn.com/video/2012841271-84f5c69db7f12af22e7376f2a8cd7c1575cbf8f1a4e950f5e0bebee3fd4919d0-d?f=webp&region=us', 1, 'cmdgksmim004qlcl8u0rmayq3', 'cmdgksmij004plcl8ylgaci4t', '2025-07-23 23:09:27.168', '2025-07-28 23:51:16.531');
INSERT INTO public."DJSet" VALUES ('cmdgksmiv004ylcl8emvkma1w', NULL, NULL, 'https://vimeo.com/1081986508', NULL, NULL, NULL, 'https://i.vimeocdn.com/video/2012881330-baa7fec5ae36a8e9889039e36079e0f5d42cae5b57e6541575c809ffccefe219-d?f=webp&region=us', 3, 'cmdgksmiu004wlcl8qpv0cfok', 'cmdgksmij004plcl8ylgaci4t', '2025-07-23 23:09:27.176', '2025-07-28 23:51:18.284');
INSERT INTO public."DJSet" VALUES ('cmdgksmj40054lcl8lfhrpned', NULL, NULL, 'https://vimeo.com/1082070029', NULL, NULL, NULL, 'https://i.vimeocdn.com/video/2012989622-c08fd64b14767d7d1739c09f5a552daadfab5b4b11e82ed536e2156fb80be2d9-d?f=webp&region=us', 5, 'cmdgksmj20052lcl8rb78ifta', 'cmdgksmij004plcl8ylgaci4t', '2025-07-23 23:09:27.184', '2025-07-28 23:51:20.047');
INSERT INTO public."DJSet" VALUES ('cmdgksmje005blcl8p898yyfj', NULL, NULL, 'https://vimeo.com/1084757174', NULL, NULL, NULL, 'https://i.vimeocdn.com/video/2016236419-bc696153a16484dd641610103ea312af88af8dd575d99e50b99521c30f999e16-d?f=webp&region=us', 2, 'cmdgksmjc0059lcl8uao5kbvd', 'cmdgksmj60055lcl8fx82jdkd', '2025-07-23 23:09:27.195', '2025-07-28 23:51:21.771');
INSERT INTO public."DJSet" VALUES ('cmdgksmjn005hlcl8m1a6vcxm', NULL, NULL, 'https://vimeo.com/1086889404', NULL, NULL, NULL, 'https://i.vimeocdn.com/video/2018758970-000a20e2cd49da15a99ca896dffeb41cba99e54bb4e53a21c10ac310871e9d8e-d?f=webp&region=us', 4, 'cmdgksmjl005flcl8cztyyfpx', 'cmdgksmj60055lcl8fx82jdkd', '2025-07-23 23:09:27.203', '2025-07-28 23:51:23.494');
INSERT INTO public."DJSet" VALUES ('cmdgksmjx005olcl8b1x7tlvv', NULL, NULL, 'https://vimeo.com/1090648564', NULL, NULL, NULL, 'https://i.vimeocdn.com/video/2023302201-f26114ca6a6b11e0487a1a6ad11b7ee0b1bf7f5e531b16998c411204bb97fbf1-d?f=webp&region=us', 2, 'cmdgksmjv005mlcl8y63o007o', 'cmdgksmjp005ilcl8gwu4i9m9', '2025-07-23 23:09:27.213', '2025-07-28 23:51:25.254');
INSERT INTO public."DJSet" VALUES ('cmdgksmk1005rlcl8i8qd9fz6', NULL, NULL, 'https://vimeo.com/1090922452', NULL, NULL, NULL, 'https://i.vimeocdn.com/video/2023632240-45eee899b5c91597e1afbcae6d2787e76a10a0e5d9eae6640218ec4383408aa1-d?f=webp&region=us', 3, 'cmdgksmjz005plcl8pzdpybsw', 'cmdgksmjp005ilcl8gwu4i9m9', '2025-07-23 23:09:27.218', '2025-07-28 23:51:26.133');
INSERT INTO public."DJSet" VALUES ('cmdgksmk9005xlcl8f007hfai', NULL, NULL, 'https://vimeo.com/1091016307', NULL, NULL, NULL, 'https://i.vimeocdn.com/video/2023745455-e3898f7bd189862c0580bb556e29eb87a725116cb043b9b503677cf3e7198377-d?f=webp&region=us', 5, 'cmdgksmk7005vlcl8tzc7cl2a', 'cmdgksmjp005ilcl8gwu4i9m9', '2025-07-23 23:09:27.225', '2025-07-28 23:51:27.763');
INSERT INTO public."DJSet" VALUES ('cmdgksmkj0064lcl8buvrmse6', NULL, NULL, 'https://vimeo.com/1093944521', NULL, NULL, NULL, 'https://i.vimeocdn.com/video/2027597973-8065afcd1deef97c6607f4467c36b5a014b873e87b778a67a1fc87e14f415647-d?f=webp&region=us', 2, 'cmdgksmkh0062lcl8qlg0hf36', 'cmdgksmkb005ylcl81j96x0lr', '2025-07-23 23:09:27.236', '2025-07-28 23:51:29.411');
INSERT INTO public."DJSet" VALUES ('cmdgksmkq006alcl8jlx5lght', NULL, NULL, 'https://vimeo.com/1094192965', NULL, NULL, NULL, 'https://i.vimeocdn.com/video/2027720529-f408b0df9ce25337468987716b5a3615ef52ec0bc22435a2757445ad61ffa301-d?f=webp&region=us', 4, 'cmdgksmko0068lcl8forzoubk', 'cmdgksmkb005ylcl81j96x0lr', '2025-07-23 23:09:27.242', '2025-07-28 23:51:31.181');
INSERT INTO public."DJSet" VALUES ('cmdgksmkz006hlcl8eczra0lv', NULL, NULL, 'https://vimeo.com/1094277462', NULL, NULL, NULL, 'https://i.vimeocdn.com/video/2027825261-b9782621a35eaf2aeb1844031c7848a8670fb5d30f1099512c06bdd3979c24f6-d?f=webp&region=us', 2, 'cmdgksmkx006flcl85mai34gh', 'cmdgksmks006blcl8wy03weyv', '2025-07-23 23:09:27.251', '2025-07-28 23:51:32.909');
INSERT INTO public."DJSet" VALUES ('cmdgksml5006nlcl8ze5q6lk8', NULL, NULL, 'https://vimeo.com/1097722573', NULL, NULL, NULL, 'https://i.vimeocdn.com/video/2032140498-68150c4499c5d3086df6f9ebb7bdd17ebd863544991c0c5a125dd06e348ec0ba-d?f=webp&region=us', 4, 'cmdgksml4006llcl8fuebelna', 'cmdgksmks006blcl8wy03weyv', '2025-07-23 23:09:27.257', '2025-07-28 23:51:34.618');
INSERT INTO public."DJSet" VALUES ('cmdgksmlc006ulcl8hd9owtz2', NULL, NULL, 'https://vimeo.com/1098900367', NULL, NULL, NULL, 'https://i.vimeocdn.com/video/2033667729-72732d685d7c1a1f23442a86d628a5a556e985b0b903b143a4cc9a18e74c7b71-d?f=webp&region=us', 1, 'cmdgksmlb006slcl8j3wveyvm', 'cmdgksmla006rlcl85i825ua0', '2025-07-23 23:09:27.265', '2025-07-28 23:51:36.142');
INSERT INTO public."DJSet" VALUES ('cmdgksmlk0070lcl8pp2dwvix', NULL, NULL, 'https://vimeo.com/1098907465', NULL, NULL, NULL, 'https://i.vimeocdn.com/video/2033672463-c2c5821e7df2db12d3343ffe80a71c6ade699f8a4e33a4bc9992131f35c5b450-d?f=webp&region=us', 3, 'cmdgksmli006ylcl818vk66gb', 'cmdgksmla006rlcl85i825ua0', '2025-07-23 23:09:27.272', '2025-07-28 23:51:37.933');
INSERT INTO public."DJSet" VALUES ('cmdgksmlr0077lcl82a9l4xjk', NULL, NULL, 'https://vimeo.com/1098947099', NULL, NULL, NULL, 'https://i.vimeocdn.com/video/2033729294-ee2dc56b06edc29c205728e5852ee6896f64e0d49947881d96141f25cb58a2fd-d?f=webp&region=us', 1, 'cmdgksmlq0075lcl8rn35i8kp', 'cmdgksmlo0074lcl89lt2n0x8', '2025-07-23 23:09:27.28', '2025-07-28 23:51:39.691');
INSERT INTO public."DJSet" VALUES ('cmdgksmly007dlcl8rjaap9d6', NULL, NULL, 'https://vimeo.com/1098951181', NULL, NULL, NULL, 'https://i.vimeocdn.com/video/2033736220-d368a69ef761bc4a70d3c3d827c41973052801f66da65d3ecfe48cfb55faedd9-d?f=webp&region=us', 3, 'cmdgksmlx007blcl8jixjpe5r', 'cmdgksmlo0074lcl89lt2n0x8', '2025-07-23 23:09:27.286', '2025-07-28 23:51:41.405');
INSERT INTO public."DJSet" VALUES ('cmdgksmm4007jlcl8g13omcbg', NULL, NULL, 'https://vimeo.com/1099041316', NULL, NULL, NULL, 'https://i.vimeocdn.com/video/2033853285-6aa9fae0cd0dad477a82824713461fa4c3abb89b38fd228aba543441f6d998a1-d?f=webp&region=us', 5, 'cmdgksmm3007hlcl86hy5jwkc', 'cmdgksmlo0074lcl89lt2n0x8', '2025-07-23 23:09:27.293', '2025-07-28 23:51:43.081');
INSERT INTO public."DJSet" VALUES ('cmdgksml8006qlcl8149rrwwn', NULL, NULL, 'https://vimeo.com/1097744213', NULL, NULL, NULL, 'https://i.vimeocdn.com/video/2032167632-4167724d8ed8d4e1c624051a4aa7e44b7f1066a8c78acf558766bc26c12202a6-d?f=webp&region=us', 5, 'cmdgksml7006olcl8nknz0pen', 'cmdgksmks006blcl8wy03weyv', '2025-07-23 23:09:27.26', '2025-07-29 00:04:59.808');
INSERT INTO public."DJSet" VALUES ('cmdgksme1001rlcl83ag5zd7e', NULL, NULL, 'https://vimeo.com/1059856506', NULL, NULL, NULL, 'https://i.vimeocdn.com/video/2010535153-83532157b180977a1b4207072f622dcd0fb6c7df01acf3ad05370cec9102bb7d-d?f=webp&region=us', 1, 'cmdgksmdz001plcl8vlv654xl', 'cmdgksmdw001olcl8bi8sbkfz', '2025-07-23 23:09:27.001', '2025-07-28 23:50:48.776');
INSERT INTO public."DJSet" VALUES ('cmdgksmec001xlcl8qit7140i', NULL, NULL, 'https://vimeo.com/1059911268', NULL, NULL, NULL, 'https://i.vimeocdn.com/video/2010533519-a5c92ca422b31fd228f166d68fa7362692b131d6b6aa504bf16ae6f286afee09-d?f=webp&region=us', 3, 'cmdgksmea001vlcl8sfhzbiwm', 'cmdgksmdw001olcl8bi8sbkfz', '2025-07-23 23:09:27.013', '2025-07-28 23:50:50.411');
INSERT INTO public."DJSet" VALUES ('cmdgksmel0023lcl8rqoqxccu', NULL, NULL, 'https://vimeo.com/1060254615', NULL, NULL, NULL, 'https://i.vimeocdn.com/video/2010531792-0b1b3044e55ddac330f9a8b3855fd7997dce35c4ad45acdc61dbb64be320906b-d?f=webp&region=us', 5, 'cmdgksmej0021lcl82xuq85yn', 'cmdgksmdw001olcl8bi8sbkfz', '2025-07-23 23:09:27.022', '2025-07-28 23:50:51.951');
INSERT INTO public."DJSet" VALUES ('cmdgksmf3002dlcl8kua2axu7', NULL, NULL, 'https://vimeo.com/1064872727', NULL, NULL, NULL, 'https://i.vimeocdn.com/video/2010495268-92e549971d838c4e737ff41999270a8fc483b6d348f8473d04bbbc42cc07808e-d?f=webp&region=us', 3, 'cmdgksmf1002blcl8fuw5xas8', 'cmdgksmeo0024lcl8d03ugcnn', '2025-07-23 23:09:27.039', '2025-07-28 23:50:54.249');
INSERT INTO public."DJSet" VALUES ('cmdgksmfc002jlcl80gel8fri', NULL, NULL, 'https://vimeo.com/1066022791', NULL, NULL, NULL, 'https://i.vimeocdn.com/video/2010488635-9dbf25bfc611caff128f0a6bcd03d16806fc715c43596c2ca20c55351fc1378e-d?f=webp&region=us', 5, 'cmdgksmfa002hlcl8u23eqoe8', 'cmdgksmeo0024lcl8d03ugcnn', '2025-07-23 23:09:27.049', '2025-07-28 23:50:55.822');
INSERT INTO public."DJSet" VALUES ('cmdgksmfo002qlcl8zkr75ccc', NULL, NULL, 'https://vimeo.com/1070018890', NULL, NULL, NULL, 'https://i.vimeocdn.com/video/2010463587-f456b2e333656871b0f2fd787466bb9cc70be65ee182bf8ff3179d58487200e3-d?f=webp&region=us', 2, 'cmdgksmfm002olcl8bxydypob', 'cmdgksmff002klcl8asa02uan', '2025-07-23 23:09:27.06', '2025-07-28 23:50:57.459');
INSERT INTO public."DJSet" VALUES ('cmdgksmfx002wlcl8l066jq4y', NULL, NULL, 'https://vimeo.com/1070184018', NULL, NULL, NULL, 'https://i.vimeocdn.com/video/2010458922-95e4b7ec68f8ad47511f2b2da1c732339ca421105c24c95835d6450d8547b2e6-d?f=webp&region=us', 4, 'cmdgksmfv002ulcl88zhmit5l', 'cmdgksmff002klcl8asa02uan', '2025-07-23 23:09:27.07', '2025-07-28 23:50:58.993');
INSERT INTO public."DJSet" VALUES ('cmdgksmg90033lcl829xzws3x', NULL, NULL, 'https://vimeo.com/1076567191', NULL, NULL, NULL, 'https://i.vimeocdn.com/video/2006385294-303d2ffc0a19ea16efc9ab83bc5069e3a5c1a0adef56ae3e53f8211931415d6d-d?f=webp&region=us', 1, 'cmdgksmg70031lcl8zyibzig6', 'cmdgksmg50030lcl86wdk1941', '2025-07-23 23:09:27.081', '2025-07-28 23:51:00.628');
INSERT INTO public."DJSet" VALUES ('cmdgksmgm003clcl8rb3lheqn', NULL, NULL, 'https://vimeo.com/1078510077', NULL, NULL, NULL, 'https://i.vimeocdn.com/video/2008754016-54d1e18de1c8315b555a5dacb5fa235e4363ac368fd06a4adf7bfaa4b06cbce3-d?f=webp&region=us', 4, 'cmdgksmgk003alcl88a8a2rjj', 'cmdgksmg50030lcl86wdk1941', '2025-07-23 23:09:27.094', '2025-07-28 23:51:02.943');
INSERT INTO public."DJSet" VALUES ('cmdgksmgw003jlcl8nypqixno', NULL, NULL, 'https://vimeo.com/1074836123', NULL, NULL, NULL, 'https://i.vimeocdn.com/video/2005089544-b7adf5f53c5f380b134000463fae2d004fcec439681ac5d3ea680db7a83e8ac3-d?f=webp&region=us', 1, 'cmdgksmgv003hlcl869wh37ho', 'cmdgksmgt003glcl85ekjji05', '2025-07-23 23:09:27.105', '2025-07-28 23:51:04.651');
INSERT INTO public."DJSet" VALUES ('cmdgksmh5003plcl829sedrvm', NULL, NULL, 'https://vimeo.com/1075882245', NULL, NULL, NULL, 'https://i.vimeocdn.com/video/2005552747-5db0153776b77bbcfcf8c3dc37a9ae0fcaef77c95e05118aa1359ec7ab92f9c4-d?f=webp&region=us', 3, 'cmdgksmh3003nlcl881333ili', 'cmdgksmgt003glcl85ekjji05', '2025-07-23 23:09:27.113', '2025-07-28 23:51:06.294');
INSERT INTO public."DJSet" VALUES ('cmdgksmhg003wlcl8gby3pzld', NULL, NULL, 'https://vimeo.com/1079941025', NULL, NULL, NULL, 'https://i.vimeocdn.com/video/2010426476-6aa057b79ab0354c83b24b1cc7aed055976711baba7382ae9a54a0b8cc9e5b8a-d?f=webp&region=us', 1, 'cmdgksmhd003ulcl8pl5gq6fu', 'cmdgksmhb003tlcl8wwe8wt19', '2025-07-23 23:09:27.124', '2025-07-28 23:51:08.122');
INSERT INTO public."DJSet" VALUES ('cmdgksmhv0048lcl852tbc5bt', NULL, NULL, 'https://vimeo.com/1080367316', NULL, NULL, NULL, 'https://i.vimeocdn.com/video/2010932600-177b50d4752431adb396ca3a57012a14dd6baabdeb979399f719eb94adc057a8-d?f=webp&region=us', 5, 'cmdgksmht0046lcl855sxek5b', 'cmdgksmhb003tlcl8wwe8wt19', '2025-07-23 23:09:27.139', '2025-07-28 23:51:11.383');
INSERT INTO public."DJSet" VALUES ('cmdgksmi4004flcl8l6ttyo1g', NULL, NULL, 'https://vimeo.com/1080426368', NULL, NULL, NULL, 'https://i.vimeocdn.com/video/2011001134-69f3a3f5ac210b8734a76ce7f72be631899142c590739bb8172a0f5b4f5bf962-d?f=webp&region=us', 2, 'cmdgksmi2004dlcl8zwp17pei', 'cmdgksmhx0049lcl8kqg0hojh', '2025-07-23 23:09:27.148', '2025-07-28 23:51:13.11');
INSERT INTO public."DJSet" VALUES ('cmdgksmic004llcl8nfoe23ma', NULL, NULL, 'https://vimeo.com/1080647244', NULL, NULL, NULL, 'https://i.vimeocdn.com/video/2011265823-2d0b2460b891a5d6ccfeae0d1a1eed4412be63281903daf362edb6bf2f8ac1df-d?f=webp&region=us', 4, 'cmdgksmib004jlcl8d5evn52i', 'cmdgksmhx0049lcl8kqg0hojh', '2025-07-23 23:09:27.157', '2025-07-28 23:51:14.806');
INSERT INTO public."DJSet" VALUES ('cmdgksmis004vlcl8340gqyoj', NULL, NULL, 'https://vimeo.com/1081959843', NULL, NULL, NULL, 'https://i.vimeocdn.com/video/2012848975-eeea4527998d1af46bac5b7fe9b1b02655895a1e5e1393a0fa057054a192e767-d?f=webp&region=us', 2, 'cmdgksmiq004tlcl8qottijf6', 'cmdgksmij004plcl8ylgaci4t', '2025-07-23 23:09:27.172', '2025-07-28 23:51:17.449');
INSERT INTO public."DJSet" VALUES ('cmdgksmiz0051lcl8eg791zu2', NULL, NULL, 'https://vimeo.com/1081999394', NULL, NULL, NULL, 'https://i.vimeocdn.com/video/2012897142-9568460e8530eab2c1c21ca62782c644081e7863e6a75025c962f743e5ef0f5f-d?f=webp&region=us', 4, 'cmdgksmiy004zlcl8tkxyucrf', 'cmdgksmij004plcl8ylgaci4t', '2025-07-23 23:09:27.18', '2025-07-28 23:51:19.156');
INSERT INTO public."DJSet" VALUES ('cmdgksmja0058lcl8p0udom3l', NULL, NULL, 'https://vimeo.com/1084139397', NULL, NULL, NULL, 'https://i.vimeocdn.com/video/2015511279-07c21a5ab9fe3b2e6003fa39279adf5eb24e4d490ce66d97673c57c428303c16-d?f=webp&region=us', 1, 'cmdgksmj90056lcl8yg3yqwfu', 'cmdgksmj60055lcl8fx82jdkd', '2025-07-23 23:09:27.191', '2025-07-28 23:51:20.939');
INSERT INTO public."DJSet" VALUES ('cmdgksmji005elcl8o5io4l4t', NULL, NULL, 'https://vimeo.com/1086304460', NULL, NULL, NULL, 'https://i.vimeocdn.com/video/2018741535-68a93b3c36fe6da41ab72fbb2043d79fbba79b31d7f6fd72c69c7105a671d1bc-d?f=webp&region=us', 3, 'cmdgksmjg005clcl8vtqkznjr', 'cmdgksmj60055lcl8fx82jdkd', '2025-07-23 23:09:27.198', '2025-07-28 23:51:22.623');
INSERT INTO public."DJSet" VALUES ('cmdgksmjt005llcl81271l2hp', NULL, NULL, 'https://vimeo.com/1090647705', NULL, NULL, NULL, 'https://i.vimeocdn.com/video/2023300225-81432ac4943a066b841f7a601f9fe281b9682a2915badf960fdbb8abab5d65c8-d?f=webp&region=us', 1, 'cmdgksmjr005jlcl8mh03djwv', 'cmdgksmjp005ilcl8gwu4i9m9', '2025-07-23 23:09:27.209', '2025-07-28 23:51:24.358');
INSERT INTO public."DJSet" VALUES ('cmdgksmk5005ulcl8kmudak1n', NULL, NULL, 'https://vimeo.com/1090975449', NULL, NULL, NULL, 'https://i.vimeocdn.com/video/2023700209-1f5e6c60f913d645f16dd56448458664b9d5fe42993783ecaf0352977bf39090-d?f=webp&region=us', 4, 'cmdgksmk3005slcl8pejikrbk', 'cmdgksmjp005ilcl8gwu4i9m9', '2025-07-23 23:09:27.221', '2025-07-28 23:51:26.956');
INSERT INTO public."DJSet" VALUES ('cmdgksmkf0061lcl808ok1hog', NULL, NULL, 'https://vimeo.com/1093939877', NULL, NULL, NULL, 'https://i.vimeocdn.com/video/2027409037-9dfb860516f24eeb57ff748ec4f210be915966ac101e4f3bdaa51f2e47d4d967-d?f=webp&region=us', 1, 'cmdgksmkd005zlcl88tw9x90s', 'cmdgksmkb005ylcl81j96x0lr', '2025-07-23 23:09:27.231', '2025-07-28 23:51:28.593');
INSERT INTO public."DJSet" VALUES ('cmdgksmkn0067lcl8nv5fmq4u', NULL, NULL, 'https://vimeo.com/1094097515', NULL, NULL, NULL, 'https://i.vimeocdn.com/video/2027602505-0341df5e7410ea80e5ad7991ee1addf3beb5e90f48316742919c284e181a451b-d?f=webp&region=us', 3, 'cmdgksmkl0065lcl8ry73lgas', 'cmdgksmkb005ylcl81j96x0lr', '2025-07-23 23:09:27.239', '2025-07-28 23:51:30.264');
INSERT INTO public."DJSet" VALUES ('cmdgksmkv006elcl8ltiei9ww', NULL, NULL, 'https://vimeo.com/1094234559', NULL, NULL, NULL, 'https://i.vimeocdn.com/video/2027770838-b724873adc9875e72b60408f079b73d3ff7db4631967cd409c33c747b80af630-d?f=webp&region=us', 1, 'cmdgksmkt006clcl8zomptzxe', 'cmdgksmks006blcl8wy03weyv', '2025-07-23 23:09:27.247', '2025-07-28 23:51:32.078');
INSERT INTO public."DJSet" VALUES ('cmdgksml2006klcl8qrma5sd4', NULL, NULL, 'https://vimeo.com/1096757291', NULL, NULL, NULL, 'https://i.vimeocdn.com/video/2030897482-1cd9060e3c247b560ec9e78ef2d77b9b70788cbc8f428dae377831ea6e39e0cf-d?f=webp&region=us', 3, 'cmdgksml1006ilcl8378o74zl', 'cmdgksmks006blcl8wy03weyv', '2025-07-23 23:09:27.254', '2025-07-28 23:51:33.795');
INSERT INTO public."DJSet" VALUES ('cmdgksmlg006xlcl87t18eifo', NULL, NULL, 'https://vimeo.com/1098905342', NULL, NULL, NULL, 'https://i.vimeocdn.com/video/2033670387-946a82115a9a0078442ecd07b1982f89d809ba0ef478d4ffb8beabbec8517c1e-d?f=webp&region=us', 2, 'cmdgksmlf006vlcl89cbihzgs', 'cmdgksmla006rlcl85i825ua0', '2025-07-23 23:09:27.269', '2025-07-28 23:51:37.016');
INSERT INTO public."DJSet" VALUES ('cmdgksmln0073lcl89zwrppsq', NULL, NULL, 'https://vimeo.com/1098925766', NULL, NULL, NULL, 'https://i.vimeocdn.com/video/2033696895-305a543800aeb35329860ad7313f994c3d5eb1d3c97c38dbccf5efdd90d2a67c-d?f=webp&region=us', 4, 'cmdgksmll0071lcl8fk2wlpxj', 'cmdgksmla006rlcl85i825ua0', '2025-07-23 23:09:27.275', '2025-07-28 23:51:38.817');
INSERT INTO public."DJSet" VALUES ('cmdgksmlv007alcl8abla5hkp', NULL, NULL, 'https://vimeo.com/1098950708', NULL, NULL, NULL, 'https://i.vimeocdn.com/video/2033733835-76f9291b028190aae5ab2350641f4988557bf443e0daac6c747de3ce776e27f9-d?f=webp&region=us', 2, 'cmdgksmlt0078lcl8ykpy7q8o', 'cmdgksmlo0074lcl89lt2n0x8', '2025-07-23 23:09:27.283', '2025-07-28 23:51:40.563');
INSERT INTO public."DJSet" VALUES ('cmdgksmm1007glcl8n285d9vt', NULL, NULL, 'https://vimeo.com/1099037112', NULL, NULL, NULL, 'https://i.vimeocdn.com/video/2033852970-2cec1eeffcee4203b59018343b7200d48adfa987e17ed4e4edde800271e5dbab-d?f=webp&region=us', 4, 'cmdgksmm0007elcl82ybugvjj', 'cmdgksmlo0074lcl89lt2n0x8', '2025-07-23 23:09:27.29', '2025-07-28 23:51:42.249');
INSERT INTO public."DJSet" VALUES ('cmdgksmhm0042lcl86lg687u0', NULL, NULL, 'https://vimeo.com/1080080248', NULL, NULL, NULL, 'https://i.vimeocdn.com/video/2010593820-4e5bab42a617a3f856b185211c2c70ee8d5613020b43de4d1edcbec0f9517db2-d?f=webp&region=us', 3, 'cmdgksmhl0040lcl8nc9degu9', 'cmdgksmhb003tlcl8wwe8wt19', '2025-07-23 23:09:27.131', '2025-07-29 00:04:58.923');


--
-- Data for Name: Genre; Type: TABLE DATA; Schema: public; Owner: -
--



--
-- Data for Name: User; Type: TABLE DATA; Schema: public; Owner: -
--

INSERT INTO public."User" VALUES ('cmdmpv95f0000lcjqgge02yf8', 'ianhernandez23@gmail.com', '', '2025-07-28 06:18:04.947', '2025-07-28 06:18:04.947');


--
-- Data for Name: Password; Type: TABLE DATA; Schema: public; Owner: -
--

INSERT INTO public."Password" VALUES ('37268335dd6931045bdcdf92623ff819a64244b53d0e746d438797349d4da578', 'cmdmpv95f0000lcjqgge02yf8');


--
-- Data for Name: _GenresOnSets; Type: TABLE DATA; Schema: public; Owner: -
--



--
-- Data for Name: _prisma_migrations; Type: TABLE DATA; Schema: public; Owner: -
--

INSERT INTO public._prisma_migrations VALUES ('02cd0556-c664-490a-9471-5a222d5465c0', '408a9e3d655c2f691e98c57f7b3b1be8410eb1bcccae57d39b3b76a3051255de', '2025-07-27 23:50:18.029945+00', '20250718131841_create_users_table', NULL, NULL, '2025-07-27 23:50:18.004115+00', 1);
INSERT INTO public._prisma_migrations VALUES ('825fdb1a-302a-4d99-87b9-89aa09150cb7', '2f23dc69d71ca7cd54cfbaf2990557d0caf655dfd0f459cffd5e46a1b514b5a7', '2025-07-28 06:31:11.050321+00', '20250728063110_updates', NULL, NULL, '2025-07-28 06:31:10.954791+00', 1);


--
-- PostgreSQL database dump complete
--

